90,90,90,90,90,90,90,90,90,90,90,90,90,92,75,75,75,75,75,75,90,92,92,92,92,92,92,92,92,92,92,92,92,92,92,92,92,92,92,92
90,90,90,90,90,90,90,90,90,90,90,90,100,102,75,75,75,75,75,75,90,92,92,92,92,92,92,92,92,92,92,92,92,92,92,92,92,92,92,92
90,90,90,90,90,90,90,90,90,90,90,90,91,91,75,75,75,75,75,75,90,92,92,92,92,92,92,92,92,92,92,92,92,92,92,92,92,92,92,92
90,90,90,90,90,90,90,90,90,90,90,90,91,91,75,75,75,75,75,75,100,102,92,92,92,92,92,92,92,92,92,92,92,92,92,92,92,92,92,92
90,90,90,90,90,90,90,90,90,90,90,90,80,82,75,75,75,75,75,75,91,91,92,92,92,92,92,92,92,92,92,92,92,92,92,92,92,92,92,92
90,90,90,90,90,90,90,90,90,90,90,90,90,92,76,76,76,76,76,76,91,91,92,92,92,92,92,92,92,92,92,92,92,92,92,92,92,92,92,92
90,90,90,90,90,90,90,90,90,90,90,90,90,92,76,76,76,76,76,76,80,82,92,92,92,92,92,92,92,92,92,92,92,92,92,92,92,92,92,92
90,90,90,90,90,90,90,90,90,90,90,90,100,102,76,76,76,76,76,76,100,102,92,92,92,92,92,92,92,92,92,92,92,92,92,92,92,92,92,92
90,90,90,90,90,90,90,90,90,90,90,90,91,91,76,76,76,76,76,76,91,91,92,92,92,92,92,92,92,92,92,92,92,92,92,92,92,92,92,92
90,90,90,90,90,90,90,90,90,90,90,90,91,91,76,76,76,76,76,76,91,91,92,92,92,92,92,92,92,92,92,92,92,92,92,92,92,92,92,92
90,90,90,90,90,90,90,90,90,90,90,90,91,91,91,76,76,76,76,91,91,91,92,92,92,92,92,92,92,92,92,92,92,92,92,92,92,92,92,92
90,90,90,90,90,90,90,90,90,90,90,90,91,91,91,76,76,76,76,91,91,91,92,92,92,92,92,92,92,92,92,92,92,92,92,92,92,92,92,92
90,90,90,90,90,90,90,90,90,90,90,90,80,82,91,91,76,76,91,91,80,82,92,92,92,92,92,92,92,92,92,92,92,92,92,92,92,92,92,92
90,90,90,90,90,90,90,90,90,90,90,90,90,92,91,91,91,91,91,91,90,92,92,92,92,92,92,92,92,92,92,92,92,92,92,92,92,92,92,92
90,90,90,90,90,90,90,90,90,90,90,90,90,92,91,91,91,91,91,91,90,92,92,92,92,92,92,92,92,92,92,92,92,92,92,92,92,92,92,92
90,90,90,90,90,90,90,90,90,90,90,90,90,92,91,91,91,91,91,91,90,92,92,92,92,92,92,92,92,92,92,92,92,92,92,92,92,92,92,92
90,90,90,90,90,90,90,90,90,90,90,90,90,92,91,91,91,91,91,91,90,92,92,92,92,92,92,92,92,92,92,92,92,92,92,92,92,92,92,92
90,90,90,90,90,90,90,90,90,90,90,90,90,92,91,91,91,91,91,91,90,92,92,92,92,92,92,92,92,92,92,92,92,92,92,92,92,92,92,92
90,90,90,90,90,90,90,90,90,90,90,90,90,92,91,91,91,91,91,91,90,92,92,92,92,92,92,92,92,92,92,92,92,92,92,92,92,92,92,92
90,90,90,90,90,90,90,90,90,90,90,90,90,92,91,91,91,91,91,91,90,92,92,92,92,92,92,92,92,92,92,92,92,92,92,92,92,92,92,92
90,90,90,90,90,90,90,90,90,90,90,90,90,92,91,91,91,91,91,91,90,92,92,92,92,92,92,92,92,92,92,92,92,92,92,92,92,92,92,92
90,90,90,90,90,90,90,90,90,90,90,90,90,92,91,91,91,91,91,91,90,92,92,92,92,92,92,92,92,92,92,92,92,92,92,92,92,92,92,92
90,90,90,90,90,90,90,90,90,90,90,90,90,92,91,91,91,91,91,91,90,92,92,92,92,92,92,92,92,92,92,92,92,92,92,92,92,92,92,92
90,90,90,90,90,90,90,90,90,90,90,90,90,92,91,91,91,91,91,91,90,92,92,92,92,92,92,92,92,92,92,92,92,92,92,92,92,92,92,92
90,90,90,90,90,90,90,90,90,90,90,90,90,92,91,91,91,91,91,91,90,92,92,92,92,92,92,92,92,92,92,92,92,92,92,92,92,92,92,92
90,90,90,90,90,90,90,90,90,90,90,90,90,92,91,91,91,91,91,91,90,92,92,92,92,92,92,92,92,92,92,92,92,92,92,92,92,92,92,92
90,90,90,90,90,90,90,90,90,90,90,90,90,92,91,91,91,91,91,91,90,92,92,92,92,92,92,92,92,92,92,92,92,92,92,92,92,92,92,92
90,90,90,90,90,90,90,90,90,90,90,90,90,92,91,91,91,91,91,91,90,92,92,92,92,92,92,92,92,92,92,92,92,92,92,92,92,92,92,92
90,90,90,90,90,90,90,90,90,90,90,90,90,92,91,91,91,91,91,91,90,92,92,92,92,92,92,92,92,92,92,92,92,92,92,92,92,92,92,92
90,90,90,90,90,90,90,90,90,90,90,90,90,92,91,91,91,91,91,91,90,92,92,92,92,92,92,92,92,92,92,92,92,92,92,92,92,92,92,92
90,90,90,90,90,90,90,90,90,90,90,90,90,92,91,91,91,91,91,91,90,92,92,92,92,92,92,92,92,92,92,92,92,92,92,92,92,92,92,92
90,90,90,90,90,90,90,90,90,90,90,90,100,102,91,91,91,91,91,91,100,102,92,92,92,92,92,92,92,92,92,92,92,92,92,92,92,92,92,92
90,90,90,90,90,90,90,90,90,90,90,90,91,91,91,91,91,91,91,91,91,91,92,92,92,92,92,92,92,92,92,92,92,92,92,92,92,92,92,92
90,90,90,90,90,90,90,90,90,90,90,90,91,91,91,91,91,91,91,91,91,91,92,92,92,92,92,92,92,92,92,92,92,92,92,92,92,92,92,92
90,90,90,90,90,90,90,90,90,90,90,90,80,82,91,91,91,91,91,91,80,82,92,92,92,92,92,92,92,92,92,92,92,92,92,92,92,92,92,92
90,90,90,90,90,90,90,90,90,90,90,90,90,92,91,91,91,91,91,91,90,92,92,92,92,92,92,92,92,92,92,92,92,92,92,92,92,92,92,92
90,90,90,90,90,90,90,90,90,90,90,90,90,92,91,91,91,91,91,91,90,92,92,92,92,92,92,92,92,92,92,92,92,92,92,92,92,92,92,92
90,90,90,90,90,90,90,90,90,90,90,90,100,102,91,91,91,91,91,91,100,102,92,92,92,92,92,92,92,92,92,92,92,92,92,92,92,92,92,92
90,90,90,90,90,90,90,90,90,81,90,100,101,101,91,91,91,91,91,91,101,101,102,92,81,92,92,92,92,92,92,92,92,92,92,92,92,92,92,92
81,81,81,81,81,81,81,81,81,81,100,101,101,101,91,91,91,91,91,91,101,101,101,102,81,81,81,81,81,81,81,81,81,81,81,81,81,81,81,81
80,81,81,81,81,81,81,81,81,81,81,81,81,81,91,91,91,91,91,91,81,81,81,81,81,81,81,81,81,81,81,81,81,81,81,81,81,81,81,82
90,91,91,91,91,91,91,91,91,91,91,91,91,91,91,91,91,91,91,91,91,91,91,91,91,91,91,91,91,91,91,91,91,91,91,91,91,91,91,92
90,91,91,91,91,91,91,91,91,91,91,91,91,91,91,91,91,91,91,91,91,91,91,91,91,91,91,91,91,91,91,91,91,91,91,91,91,91,91,92
90,91,91,91,91,91,91,91,91,91,91,91,91,91,91,91,91,91,91,91,91,91,91,91,91,91,91,91,91,91,91,91,91,91,91,91,91,91,91,4
90,91,91,91,91,91,91,91,91,91,91,91,91,91,91,91,91,91,91,91,91,91,91,91,91,91,91,91,91,91,91,91,91,91,91,91,91,91,4,4
90,91,91,91,91,91,91,91,91,91,91,91,91,91,91,91,91,91,91,91,91,91,91,91,91,91,91,91,91,91,91,91,91,4,4,4,4,4,4,4
90,91,91,91,91,91,91,91,91,91,91,91,91,91,91,91,91,91,91,91,91,91,91,91,91,91,91,91,91,91,91,91,91,4,4,4,4,4,4,4
90,91,91,91,91,91,91,91,91,91,91,91,91,91,91,91,91,91,91,91,91,91,91,91,91,91,91,91,91,91,91,91,91,4,4,4,4,4,4,4
90,91,91,91,91,91,91,91,91,91,91,91,91,91,91,91,91,91,91,91,91,91,91,91,91,91,91,91,91,91,91,91,91,91,91,91,91,91,4,4
90,91,91,91,91,91,91,91,91,91,91,91,91,91,91,91,91,91,91,91,91,91,91,91,91,91,91,91,91,91,91,91,91,91,91,91,91,91,91,4
90,91,91,91,91,91,91,91,91,91,91,91,91,91,91,91,91,91,91,91,91,91,91,91,91,91,91,91,91,91,91,91,91,91,91,91,91,91,91,91
90,91,91,91,91,91,91,91,91,91,91,91,91,91,91,91,91,91,91,91,91,91,91,91,91,91,91,91,91,91,91,91,91,91,91,91,91,91,91,91
100,101,101,101,102,91,91,91,91,82,101,101,101,101,101,101,101,101,101,101,101,90,91,91,91,92,101,101,101,90,91,91,92,101,101,101,101,101,101,91
101,101,101,101,90,91,91,91,91,92,101,101,101,101,101,101,101,101,101,101,101,100,101,101,101,102,101,101,101,90,91,91,92,101,101,101,101,101,101,101
101,101,101,101,90,91,91,91,91,92,101,101,101,101,101,101,101,101,101,101,101,101,101,101,101,101,101,101,101,90,91,91,92,101,101,101,101,101,101,101
101,101,101,101,90,91,91,91,91,92,101,101,101,101,101,101,101,101,101,101,101,101,101,101,101,101,101,101,101,100,101,101,102,101,101,101,101,101,101,101
101,101,101,101,90,91,91,91,91,92,101,101,101,101,101,101,101,101,101,101,101,101,101,101,101,101,101,101,101,101,101,101,101,101,101,101,101,101,101,101
101,101,101,101,90,91,91,91,91,92,101,101,101,101,101,101,101,101,101,101,101,101,101,101,101,101,101,101,101,101,101,101,101,101,101,101,101,101,101,101
101,101,101,101,90,91,91,91,91,92,101,101,101,101,101,101,101,101,101,101,101,101,101,101,101,101,101,101,101,101,101,101,101,101,101,101,101,101,101,101
101,101,101,101,90,91,91,91,91,92,101,101,101,101,101,101,101,101,101,101,101,101,101,101,101,101,101,101,101,101,101,101,101,101,101,101,101,101,101,101
